Action,Type,Campaign,Campaign Status,Campaign Type,Campaign Subtype,Budget,Budget Type,Bid Strategy Type,Target CPA,Percent CPC Enhancement,Max CPC,Network (Google Search),Network (Search Partners),Network (Display Network),Ad Rotation,Language,EU political ads,Ad Group,Ad Group Status,Ad Group Default Max CPC,Final URL,Headline 1,Headline 1 position,Headline 2,Headline 2 position,Headline 3,Headline 3 position,Headline 4,Headline 4 position,Headline 5,Headline 5 position,Headline 6,Headline 6 position,Headline 7,Headline 7 position,Headline 8,Headline 8 position,Headline 9,Headline 9 position,Headline 10,Headline 10 position,Headline 11,Headline 11 position,Headline 12,Headline 12 position,Headline 13,Headline 13 position,Headline 14,Headline 14 position,Headline 15,Headline 15 position,Description 1,Description 1 position,Description 2,Description 2 position,Description 3,Description 3 position,Description 4,Description 4 position,Keyword,Match Type,Label,Comment
Add,Campaign,Form5472 Filing Service,Paused,Search,,50,Daily,Manual CPC,,,,TRUE,FALSE,FALSE,Optimize,,No,,,,,,,,,,,,,,,,,,,,,,,,,,,,,,,,,,,,,,,,,,,,,,
Add,Ad Group,Form5472 Filing Service,Paused,Search,,50,Daily,Manual CPC,,,,TRUE,FALSE,FALSE,Optimize,,No,AG1 - Filing Service,Enabled,8.00,,,,,,,,,,,,,,,,,,,,,,,,,,,,,,,,,,,,,,,,,,,
Add,Ad Group,Form5472 Filing Service,Paused,Search,,50,Daily,Manual CPC,,,,TRUE,FALSE,FALSE,Optimize,,No,AG2 - Foreign-Owned LLC,Enabled,8.00,,,,,,,,,,,,,,,,,,,,,,,,,,,,,,,,,,,,,,,,,,,
Add,Ad Group,Form5472 Filing Service,Paused,Search,,50,Daily,Manual CPC,,,,TRUE,FALSE,FALSE,Optimize,,No,AG3 - CPA Help,Enabled,8.00,,,,,,,,,,,,,,,,,,,,,,,,,,,,,,,,,,,,,,,,,,,
Add,Ad Group,Form5472 Filing Service,Paused,Search,,50,Daily,Manual CPC,,,,TRUE,FALSE,FALSE,Optimize,,No,AG4 - Late Filing & Penalty,Enabled,8.00,,,,,,,,,,,,,,,,,,,,,,,,,,,,,,,,,,,,,,,,,,,
Add,Keyword,Form5472 Filing Service,Paused,Search,,50,Daily,Manual CPC,,,,TRUE,FALSE,FALSE,Optimize,,No,AG1 - Filing Service,,,,,,,,,,,,,,,,,,,,,,,,,,,,,,,,,,,,,,,,,,form 5472 filing service,Exact match,AG1 High Priority,
Add,Keyword,Form5472 Filing Service,Paused,Search,,50,Daily,Manual CPC,,,,TRUE,FALSE,FALSE,Optimize,,No,AG1 - Filing Service,,,,,,,,,,,,,,,,,,,,,,,,,,,,,,,,,,,,,,,,,,form 5472 filing service,Phrase match,AG1 High Priority,
Add,Keyword,Form5472 Filing Service,Paused,Search,,50,Daily,Manual CPC,,,,TRUE,FALSE,FALSE,Optimize,,No,AG1 - Filing Service,,,,,,,,,,,,,,,,,,,,,,,,,,,,,,,,,,,,,,,,,,file form 5472,Exact match,AG1 High Priority,
Add,Keyword,Form5472 Filing Service,Paused,Search,,50,Daily,Manual CPC,,,,TRUE,FALSE,FALSE,Optimize,,No,AG1 - Filing Service,,,,,,,,,,,,,,,,,,,,,,,,,,,,,,,,,,,,,,,,,,file form 5472,Phrase match,AG1,
Add,Keyword,Form5472 Filing Service,Paused,Search,,50,Daily,Manual CPC,,,,TRUE,FALSE,FALSE,Optimize,,No,AG1 - Filing Service,,,,,,,,,,,,,,,,,,,,,,,,,,,,,,,,,,,,,,,,,,form 5472 preparation service,Exact match,AG1,
Add,Keyword,Form5472 Filing Service,Paused,Search,,50,Daily,Manual CPC,,,,TRUE,FALSE,FALSE,Optimize,,No,AG1 - Filing Service,,,,,,,,,,,,,,,,,,,,,,,,,,,,,,,,,,,,,,,,,,form 5472 preparation service,Phrase match,AG1,
Add,Keyword,Form5472 Filing Service,Paused,Search,,50,Daily,Manual CPC,,,,TRUE,FALSE,FALSE,Optimize,,No,AG1 - Filing Service,,,,,,,,,,,,,,,,,,,,,,,,,,,,,,,,,,,,,,,,,,form 5472 preparation,Exact match,AG1,
Add,Keyword,Form5472 Filing Service,Paused,Search,,50,Daily,Manual CPC,,,,TRUE,FALSE,FALSE,Optimize,,No,AG1 - Filing Service,,,,,,,,,,,,,,,,,,,,,,,,,,,,,,,,,,,,,,,,,,5472 filing service,Phrase match,AG1,
Add,Keyword,Form5472 Filing Service,Paused,Search,,50,Daily,Manual CPC,,,,TRUE,FALSE,FALSE,Optimize,,No,AG1 - Filing Service,,,,,,,,,,,,,,,,,,,,,,,,,,,,,,,,,,,,,,,,,,form 5472 filing help,Phrase match,AG1,
Add,Keyword,Form5472 Filing Service,Paused,Search,,50,Daily,Manual CPC,,,,TRUE,FALSE,FALSE,Optimize,,No,AG2 - Foreign-Owned LLC,,,,,,,,,,,,,,,,,,,,,,,,,,,,,,,,,,,,,,,,,,foreign owned llc form 5472,Exact match,AG2 High Priority,
Add,Keyword,Form5472 Filing Service,Paused,Search,,50,Daily,Manual CPC,,,,TRUE,FALSE,FALSE,Optimize,,No,AG2 - Foreign-Owned LLC,,,,,,,,,,,,,,,,,,,,,,,,,,,,,,,,,,,,,,,,,,foreign owned llc form 5472,Phrase match,AG2 High Priority,
Add,Keyword,Form5472 Filing Service,Paused,Search,,50,Daily,Manual CPC,,,,TRUE,FALSE,FALSE,Optimize,,No,AG2 - Foreign-Owned LLC,,,,,,,,,,,,,,,,,,,,,,,,,,,,,,,,,,,,,,,,,,form 5472 single member llc,Phrase match,AG2,
Add,Keyword,Form5472 Filing Service,Paused,Search,,50,Daily,Manual CPC,,,,TRUE,FALSE,FALSE,Optimize,,No,AG2 - Foreign-Owned LLC,,,,,,,,,,,,,,,,,,,,,,,,,,,,,,,,,,,,,,,,,,form 5472 foreign owned llc filing,Phrase match,AG2,
Add,Keyword,Form5472 Filing Service,Paused,Search,,50,Daily,Manual CPC,,,,TRUE,FALSE,FALSE,Optimize,,No,AG2 - Foreign-Owned LLC,,,,,,,,,,,,,,,,,,,,,,,,,,,,,,,,,,,,,,,,,,non resident llc form 5472,Phrase match,AG2,
Add,Keyword,Form5472 Filing Service,Paused,Search,,50,Daily,Manual CPC,,,,TRUE,FALSE,FALSE,Optimize,,No,AG2 - Foreign-Owned LLC,,,,,,,,,,,,,,,,,,,,,,,,,,,,,,,,,,,,,,,,,,file 5472 foreign owned llc,Phrase match,AG2,
Add,Keyword,Form5472 Filing Service,Paused,Search,,50,Daily,Manual CPC,,,,TRUE,FALSE,FALSE,Optimize,,No,AG3 - CPA Help,,,,,,,,,,,,,,,,,,,,,,,,,,,,,,,,,,,,,,,,,,form 5472 cpa,Phrase match,AG3,
Add,Keyword,Form5472 Filing Service,Paused,Search,,50,Daily,Manual CPC,,,,TRUE,FALSE,FALSE,Optimize,,No,AG3 - CPA Help,,,,,,,,,,,,,,,,,,,,,,,,,,,,,,,,,,,,,,,,,,form 5472 accountant,Phrase match,AG3,
Add,Keyword,Form5472 Filing Service,Paused,Search,,50,Daily,Manual CPC,,,,TRUE,FALSE,FALSE,Optimize,,No,AG3 - CPA Help,,,,,,,,,,,,,,,,,,,,,,,,,,,,,,,,,,,,,,,,,,form 5472 help,Phrase match,AG3,
Add,Keyword,Form5472 Filing Service,Paused,Search,,50,Daily,Manual CPC,,,,TRUE,FALSE,FALSE,Optimize,,No,AG3 - CPA Help,,,,,,,,,,,,,,,,,,,,,,,,,,,,,,,,,,,,,,,,,,hire someone to file form 5472,Phrase match,AG3 High Value,
Add,Keyword,Form5472 Filing Service,Paused,Search,,50,Daily,Manual CPC,,,,TRUE,FALSE,FALSE,Optimize,,No,AG3 - CPA Help,,,,,,,,,,,,,,,,,,,,,,,,,,,,,,,,,,,,,,,,,,form 5472 pro forma 1120 filing,Phrase match,AG3,
Add,Keyword,Form5472 Filing Service,Paused,Search,,50,Daily,Manual CPC,,,,TRUE,FALSE,FALSE,Optimize,,No,AG4 - Late Filing & Penalty,,,,,,,,,,,,,,,,,,,,,,,,,,,,,,,,,,,,,,,,,,form 5472 late filing,Phrase match,AG4 High Urgency,
Add,Keyword,Form5472 Filing Service,Paused,Search,,50,Daily,Manual CPC,,,,TRUE,FALSE,FALSE,Optimize,,No,AG4 - Late Filing & Penalty,,,,,,,,,,,,,,,,,,,,,,,,,,,,,,,,,,,,,,,,,,form 5472 late filing help,Phrase match,AG4 High Urgency,
Add,Keyword,Form5472 Filing Service,Paused,Search,,50,Daily,Manual CPC,,,,TRUE,FALSE,FALSE,Optimize,,No,AG4 - Late Filing & Penalty,,,,,,,,,,,,,,,,,,,,,,,,,,,,,,,,,,,,,,,,,,form 5472 penalty,Phrase match,AG4 High Urgency,
Add,Keyword,Form5472 Filing Service,Paused,Search,,50,Daily,Manual CPC,,,,TRUE,FALSE,FALSE,Optimize,,No,AG4 - Late Filing & Penalty,,,,,,,,,,,,,,,,,,,,,,,,,,,,,,,,,,,,,,,,,,form 5472 penalty help,Phrase match,AG4 High Urgency,
Add,Keyword,Form5472 Filing Service,Paused,Search,,50,Daily,Manual CPC,,,,TRUE,FALSE,FALSE,Optimize,,No,AG4 - Late Filing & Penalty,,,,,,,,,,,,,,,,,,,,,,,,,,,,,,,,,,,,,,,,,,form 5472 catch up filing,Phrase match,AG4 High Urgency,
Add,Keyword,Form5472 Filing Service,Paused,Search,,50,Daily,Manual CPC,,,,TRUE,FALSE,FALSE,Optimize,,No,AG4 - Late Filing & Penalty,,,,,,,,,,,,,,,,,,,,,,,,,,,,,,,,,,,,,,,,,,late form 5472 foreign owned llc,Phrase match,AG4,
Add,Negative Keyword,Form5472 Filing Service,Paused,Search,,50,Daily,Manual CPC,,,,TRUE,FALSE,FALSE,Optimize,,No,,,,,,,,,,,,,,,,,,,,,,,,,,,,,,,,,,,,,,,,,,,free,Broad Match Negative,,Campaign-Level Negative
Add,Negative Keyword,Form5472 Filing Service,Paused,Search,,50,Daily,Manual CPC,,,,TRUE,FALSE,FALSE,Optimize,,No,,,,,,,,,,,,,,,,,,,,,,,,,,,,,,,,,,,,,,,,,,,template,Broad Match Negative,,Campaign-Level Negative
Add,Negative Keyword,Form5472 Filing Service,Paused,Search,,50,Daily,Manual CPC,,,,TRUE,FALSE,FALSE,Optimize,,No,,,,,,,,,,,,,,,,,,,,,,,,,,,,,,,,,,,,,,,,,,,templates,Broad Match Negative,,Campaign-Level Negative
Add,Negative Keyword,Form5472 Filing Service,Paused,Search,,50,Daily,Manual CPC,,,,TRUE,FALSE,FALSE,Optimize,,No,,,,,,,,,,,,,,,,,,,,,,,,,,,,,,,,,,,,,,,,,,,sample,Broad Match Negative,,Campaign-Level Negative
Add,Negative Keyword,Form5472 Filing Service,Paused,Search,,50,Daily,Manual CPC,,,,TRUE,FALSE,FALSE,Optimize,,No,,,,,,,,,,,,,,,,,,,,,,,,,,,,,,,,,,,,,,,,,,,example,Broad Match Negative,,Campaign-Level Negative
Add,Negative Keyword,Form5472 Filing Service,Paused,Search,,50,Daily,Manual CPC,,,,TRUE,FALSE,FALSE,Optimize,,No,,,,,,,,,,,,,,,,,,,,,,,,,,,,,,,,,,,,,,,,,,,examples,Broad Match Negative,,Campaign-Level Negative
Add,Negative Keyword,Form5472 Filing Service,Paused,Search,,50,Daily,Manual CPC,,,,TRUE,FALSE,FALSE,Optimize,,No,,,,,,,,,,,,,,,,,,,,,,,,,,,,,,,,,,,,,,,,,,,pdf,Broad Match Negative,,Campaign-Level Negative
Add,Negative Keyword,Form5472 Filing Service,Paused,Search,,50,Daily,Manual CPC,,,,TRUE,FALSE,FALSE,Optimize,,No,,,,,,,,,,,,,,,,,,,,,,,,,,,,,,,,,,,,,,,,,,,instructions,Broad Match Negative,,Campaign-Level Negative
Add,Negative Keyword,Form5472 Filing Service,Paused,Search,,50,Daily,Manual CPC,,,,TRUE,FALSE,FALSE,Optimize,,No,,,,,,,,,,,,,,,,,,,,,,,,,,,,,,,,,,,,,,,,,,,how to fill,Phrase Match Negative,,Campaign-Level Negative
Add,Negative Keyword,Form5472 Filing Service,Paused,Search,,50,Daily,Manual CPC,,,,TRUE,FALSE,FALSE,Optimize,,No,,,,,,,,,,,,,,,,,,,,,,,,,,,,,,,,,,,,,,,,,,,what is,Phrase Match Negative,,Campaign-Level Negative
Add,Negative Keyword,Form5472 Filing Service,Paused,Search,,50,Daily,Manual CPC,,,,TRUE,FALSE,FALSE,Optimize,,No,,,,,,,,,,,,,,,,,,,,,,,,,,,,,,,,,,,,,,,,,,,definition,Broad Match Negative,,Campaign-Level Negative
Add,Negative Keyword,Form5472 Filing Service,Paused,Search,,50,Daily,Manual CPC,,,,TRUE,FALSE,FALSE,Optimize,,No,,,,,,,,,,,,,,,,,,,,,,,,,,,,,,,,,,,,,,,,,,,meaning,Broad Match Negative,,Campaign-Level Negative
Add,Negative Keyword,Form5472 Filing Service,Paused,Search,,50,Daily,Manual CPC,,,,TRUE,FALSE,FALSE,Optimize,,No,,,,,,,,,,,,,,,,,,,,,,,,,,,,,,,,,,,,,,,,,,,explained,Broad Match Negative,,Campaign-Level Negative
Add,Negative Keyword,Form5472 Filing Service,Paused,Search,,50,Daily,Manual CPC,,,,TRUE,FALSE,FALSE,Optimize,,No,,,,,,,,,,,,,,,,,,,,,,,,,,,,,,,,,,,,,,,,,,,irs.gov,Broad Match Negative,,Campaign-Level Negative
Add,Negative Keyword,Form5472 Filing Service,Paused,Search,,50,Daily,Manual CPC,,,,TRUE,FALSE,FALSE,Optimize,,No,,,,,,,,,,,,,,,,,,,,,,,,,,,,,,,,,,,,,,,,,,,course,Broad Match Negative,,Campaign-Level Negative
Add,Negative Keyword,Form5472 Filing Service,Paused,Search,,50,Daily,Manual CPC,,,,TRUE,FALSE,FALSE,Optimize,,No,,,,,,,,,,,,,,,,,,,,,,,,,,,,,,,,,,,,,,,,,,,courses,Broad Match Negative,,Campaign-Level Negative
Add,Negative Keyword,Form5472 Filing Service,Paused,Search,,50,Daily,Manual CPC,,,,TRUE,FALSE,FALSE,Optimize,,No,,,,,,,,,,,,,,,,,,,,,,,,,,,,,,,,,,,,,,,,,,,tutorial,Broad Match Negative,,Campaign-Level Negative
Add,Negative Keyword,Form5472 Filing Service,Paused,Search,,50,Daily,Manual CPC,,,,TRUE,FALSE,FALSE,Optimize,,No,,,,,,,,,,,,,,,,,,,,,,,,,,,,,,,,,,,,,,,,,,,study,Broad Match Negative,,Campaign-Level Negative
Add,Negative Keyword,Form5472 Filing Service,Paused,Search,,50,Daily,Manual CPC,,,,TRUE,FALSE,FALSE,Optimize,,No,,,,,,,,,,,,,,,,,,,,,,,,,,,,,,,,,,,,,,,,,,,jobs,Broad Match Negative,,Campaign-Level Negative
Add,Negative Keyword,Form5472 Filing Service,Paused,Search,,50,Daily,Manual CPC,,,,TRUE,FALSE,FALSE,Optimize,,No,,,,,,,,,,,,,,,,,,,,,,,,,,,,,,,,,,,,,,,,,,,job,Broad Match Negative,,Campaign-Level Negative
Add,Negative Keyword,Form5472 Filing Service,Paused,Search,,50,Daily,Manual CPC,,,,TRUE,FALSE,FALSE,Optimize,,No,,,,,,,,,,,,,,,,,,,,,,,,,,,,,,,,,,,,,,,,,,,salary,Broad Match Negative,,Campaign-Level Negative
Add,Negative Keyword,Form5472 Filing Service,Paused,Search,,50,Daily,Manual CPC,,,,TRUE,FALSE,FALSE,Optimize,,No,,,,,,,,,,,,,,,,,,,,,,,,,,,,,,,,,,,,,,,,,,,career,Broad Match Negative,,Campaign-Level Negative
Add,Negative Keyword,Form5472 Filing Service,Paused,Search,,50,Daily,Manual CPC,,,,TRUE,FALSE,FALSE,Optimize,,No,,,,,,,,,,,,,,,,,,,,,,,,,,,,,,,,,,,,,,,,,,,software,Broad Match Negative,,Campaign-Level Negative
Add,Negative Keyword,Form5472 Filing Service,Paused,Search,,50,Daily,Manual CPC,,,,TRUE,FALSE,FALSE,Optimize,,No,,,,,,,,,,,,,,,,,,,,,,,,,,,,,,,,,,,,,,,,,,,turbotax,Broad Match Negative,,Campaign-Level Negative
Add,Negative Keyword,Form5472 Filing Service,Paused,Search,,50,Daily,Manual CPC,,,,TRUE,FALSE,FALSE,Optimize,,No,,,,,,,,,,,,,,,,,,,,,,,,,,,,,,,,,,,,,,,,,,,login,Broad Match Negative,,Campaign-Level Negative
Add,Negative Keyword,Form5472 Filing Service,Paused,Search,,50,Daily,Manual CPC,,,,TRUE,FALSE,FALSE,Optimize,,No,,,,,,,,,,,,,,,,,,,,,,,,,,,,,,,,,,,,,,,,,,,log in,Phrase Match Negative,,Campaign-Level Negative
Add,Negative Keyword,Form5472 Filing Service,Paused,Search,,50,Daily,Manual CPC,,,,TRUE,FALSE,FALSE,Optimize,,No,,,,,,,,,,,,,,,,,,,,,,,,,,,,,,,,,,,,,,,,,,,reddit,Broad Match Negative,,Campaign-Level Negative
Add,Negative Keyword,Form5472 Filing Service,Paused,Search,,50,Daily,Manual CPC,,,,TRUE,FALSE,FALSE,Optimize,,No,,,,,,,,,,,,,,,,,,,,,,,,,,,,,,,,,,,,,,,,,,,forum,Broad Match Negative,,Campaign-Level Negative
Add,Negative Keyword,Form5472 Filing Service,Paused,Search,,50,Daily,Manual CPC,,,,TRUE,FALSE,FALSE,Optimize,,No,,,,,,,,,,,,,,,,,,,,,,,,,,,,,,,,,,,,,,,,,,,diy,Broad Match Negative,,Campaign-Level Negative
Add,Negative Keyword,Form5472 Filing Service,Paused,Search,,50,Daily,Manual CPC,,,,TRUE,FALSE,FALSE,Optimize,,No,,,,,,,,,,,,,,,,,,,,,,,,,,,,,,,,,,,,,,,,,,,do it yourself,Phrase Match Negative,,Campaign-Level Negative
Add,Negative Keyword,Form5472 Filing Service,Paused,Search,,50,Daily,Manual CPC,,,,TRUE,FALSE,FALSE,Optimize,,No,,,,,,,,,,,,,,,,,,,,,,,,,,,,,,,,,,,,,,,,,,,free filing,Phrase Match Negative,,Campaign-Level Negative
Add,Negative Keyword,Form5472 Filing Service,Paused,Search,,50,Daily,Manual CPC,,,,TRUE,FALSE,FALSE,Optimize,,No,,,,,,,,,,,,,,,,,,,,,,,,,,,,,,,,,,,,,,,,,,,form 5471,Phrase Match Negative,,Campaign-Level Negative
Add,Negative Keyword,Form5472 Filing Service,Paused,Search,,50,Daily,Manual CPC,,,,TRUE,FALSE,FALSE,Optimize,,No,,,,,,,,,,,,,,,,,,,,,,,,,,,,,,,,,,,,,,,,,,,5471,Broad Match Negative,,Campaign-Level Negative
Add,Negative Keyword,Form5472 Filing Service,Paused,Search,,50,Daily,Manual CPC,,,,TRUE,FALSE,FALSE,Optimize,,No,,,,,,,,,,,,,,,,,,,,,,,,,,,,,,,,,,,,,,,,,,,fbar,Broad Match Negative,,Campaign-Level Negative
Add,Negative Keyword,Form5472 Filing Service,Paused,Search,,50,Daily,Manual CPC,,,,TRUE,FALSE,FALSE,Optimize,,No,,,,,,,,,,,,,,,,,,,,,,,,,,,,,,,,,,,,,,,,,,,fincen,Broad Match Negative,,Campaign-Level Negative
Add,Negative Keyword,Form5472 Filing Service,Paused,Search,,50,Daily,Manual CPC,,,,TRUE,FALSE,FALSE,Optimize,,No,,,,,,,,,,,,,,,,,,,,,,,,,,,,,,,,,,,,,,,,,,,boi,Broad Match Negative,,Campaign-Level Negative
Add,Negative Keyword,Form5472 Filing Service,Paused,Search,,50,Daily,Manual CPC,,,,TRUE,FALSE,FALSE,Optimize,,No,,,,,,,,,,,,,,,,,,,,,,,,,,,,,,,,,,,,,,,,,,,beneficial ownership,Phrase Match Negative,,Campaign-Level Negative
Add,Responsive Search Ad,Form5472 Filing Service,Paused,Search,,50,Daily,Manual CPC,,,,TRUE,FALSE,FALSE,Optimize,,No,AG1 - Filing Service,Enabled,,https://form5472prep.com,Form 5472 Filing Service,1,File Form 5472 Correctly,,"Avoid the $25,000 Penalty",,Done-For-You 5472 Filing,,Form 5472 + Pro Forma 1120,,IRS Form 5472 Specialists,,Fixed-Price 5472 Filing,,We File Your Form 5472,,Foreign LLC Filing Experts,,Professional 5472 Service,,Accurate 5472 Preparation,,Non-US Owners: File 5472,,Built for Foreign Founders,,Stay IRS-Compliant Today,,File 5472 Before Deadline,,Prepare & file Form 5472 + pro forma 1120 for foreign-owned U.S. LLCs. Fast & accurate.,,Missed a filing? Avoid the $25K IRS penalty. Expert help for foreign-owned U.S. LLCs.,,Fixed pricing no jargon. Every reportable transaction handled correctly. Get started.,,Non-U.S. founder with a U.S. LLC? We file your Form 5472 + pro forma 1120. No stress.,,,,,
Add,Responsive Search Ad,Form5472 Filing Service,Paused,Search,,50,Daily,Manual CPC,,,,TRUE,FALSE,FALSE,Optimize,,No,AG2 - Foreign-Owned LLC,Enabled,,https://form5472prep.com,Form 5472 for Foreign LLCs,1,Foreign LLC? File Form 5472,,Single-Member LLC Filing,,Non-Resident LLC 5472 Help,,5472 for Your US LLC,,"Avoid the $25,000 Penalty",,Form 5472 + Pro Forma 1120,,IRS Form 5472 Specialists,,Foreign Founder Filing Help,,File 5472 With Confidence,,US LLC Owned by Non-Citizen,,Done-For-You 5472 Filing,,Fixed-Price Filing Service,,Built for Global Founders,,Stay Compliant Worldwide,,Foreign-owned single-member LLC? We prepare Form 5472 + pro forma 1120. File correctly.,,Non-U.S. owners of U.S. LLCs must file Form 5472 annually. We handle it all for you.,,"Avoid a $25,000 penalty per year. Our experts prepare your Form 5472 accurately & fast.",,We specialize in Form 5472 for non-resident owners. Includes pro forma 1120. File now.,,,,,
Add,Responsive Search Ad,Form5472 Filing Service,Paused,Search,,50,Daily,Manual CPC,,,,TRUE,FALSE,FALSE,Optimize,,No,AG3 - CPA Help,Enabled,,https://form5472prep.com,Form 5472 CPA Filing Help,1,Hire a Form 5472 Expert,,Form 5472 Accountant Help,,Professional 5472 Filing,,We File 5472 for You,,Form 5472 + Pro Forma 1120,,"Avoid the $25,000 Penalty",,IRS Form 5472 Specialists,,Done-For-You 5472 Filing,,No CPA? We Handle Form 5472,,Built for Foreign Founders,,Fixed-Price Filing Service,,Stay IRS-Compliant Today,,Non-US Owner Filing Help,,Let Us Handle Your 5472,,No CPA? No problem. We're Form 5472 specialists for foreign-owned U.S. LLCs. File now.,,Hire an expert to file Form 5472 + pro forma 1120. Fixed price. Fast turnaround.,,"Missed the deadline? We file late Form 5472 and help you avoid the $25,000 IRS penalty.",,Form 5472 filing for non-U.S. LLC owners. We include pro forma 1120. Clear flat fee.,,,,,
Add,Responsive Search Ad,Form5472 Filing Service,Paused,Search,,50,Daily,Manual CPC,,,,TRUE,FALSE,FALSE,Optimize,,No,AG4 - Late Filing & Penalty,Enabled,,https://form5472prep.com,Form 5472 Late Filing Help,1,Late on Form 5472? We Help,,"Avoid the $25,000 Penalty",,Catch Up on Late 5472 Filings,,Form 5472 Penalty Relief,,File Late 5472. Get Help Now,,We Fix Late Form 5472 Fast,,IRS Form 5472 Specialists,,Stop the Penalty Growing,,Done-For-You 5472 Filing,,Missed 5472 Deadline? Help,,Catch-Up 5472 Service,,Form 5472 + Pro Forma 1120,,File Before It Gets Worse,,Non-US LLC? File Late 5472,,Late on Form 5472? We file catch-up returns and help you minimize IRS penalties. Act now.,,The $25000-per-year IRS penalty grows each year unfiled. Get compliant with expert help.,,We file past-due Form 5472 for all open years. Fixed price. Includes pro forma 1120.,,Don't let penalties compound. Our team files your late Form 5472 quickly and correctly.,,,,,
Add,Sitelink,Form5472 Filing Service,Paused,Search,,50,Daily,Manual CPC,,,,TRUE,FALSE,FALSE,Optimize,,No,,,,https://form5472prep.com/pricing,Pricing,,,,,,,,,,,,,,,,,,,,,,,,,,,,,,Transparent flat-rate pricing,,No hidden fees or surprises,,,,,,,,,
Add,Sitelink,Form5472 Filing Service,Paused,Search,,50,Daily,Manual CPC,,,,TRUE,FALSE,FALSE,Optimize,,No,,,,https://form5472prep.com/how-it-works,How It Works,,,,,,,,,,,,,,,,,,,,,,,,,,,,,,Simple 3-step filing process,,Stress-free from start to finish,,,,,,,,,
Add,Sitelink,Form5472 Filing Service,Paused,Search,,50,Daily,Manual CPC,,,,TRUE,FALSE,FALSE,Optimize,,No,,,,https://form5472prep.com/late-filing,Late Filing Help,,,,,,,,,,,,,,,,,,,,,,,,,,,,,,Catch up on missed 5472 filings,,Reduce your IRS penalty exposure,,,,,,,,,
Add,Sitelink,Form5472 Filing Service,Paused,Search,,50,Daily,Manual CPC,,,,TRUE,FALSE,FALSE,Optimize,,No,,,,https://form5472prep.com/get-started,Get Started,,,,,,,,,,,,,,,,,,,,,,,,,,,,,,Start your Form 5472 filing now,,Built for foreign LLC owners,,,,,,,,,
Add,Callout,Form5472 Filing Service,Paused,Search,,50,Daily,Manual CPC,,,,TRUE,FALSE,FALSE,Optimize,,No,,,,,Fixed Pricing,,,,,,,,,,,,,,,,,,,,,,,,,,,,,,,,,,,,,,,,,
Add,Callout,Form5472 Filing Service,Paused,Search,,50,Daily,Manual CPC,,,,TRUE,FALSE,FALSE,Optimize,,No,,,,,Foreign-Owned LLC Experts,,,,,,,,,,,,,,,,,,,,,,,,,,,,,,,,,,,,,,,,,
Add,Callout,Form5472 Filing Service,Paused,Search,,50,Daily,Manual CPC,,,,TRUE,FALSE,FALSE,Optimize,,No,,,,,Includes Pro Forma 1120,,,,,,,,,,,,,,,,,,,,,,,,,,,,,,,,,,,,,,,,,
Add,Callout,Form5472 Filing Service,Paused,Search,,50,Daily,Manual CPC,,,,TRUE,FALSE,FALSE,Optimize,,No,,,,,Avoid $25K IRS Penalty,,,,,,,,,,,,,,,,,,,,,,,,,,,,,,,,,,,,,,,,,
Add,Callout,Form5472 Filing Service,Paused,Search,,50,Daily,Manual CPC,,,,TRUE,FALSE,FALSE,Optimize,,No,,,,,Fast Turnaround,,,,,,,,,,,,,,,,,,,,,,,,,,,,,,,,,,,,,,,,,
Add,Callout,Form5472 Filing Service,Paused,Search,,50,Daily,Manual CPC,,,,TRUE,FALSE,FALSE,Optimize,,No,,,,,All Countries Served,,,,,,,,,,,,,,,,,,,,,,,,,,,,,,,,,,,,,,,,,
